Date,Region,Product,Quantity,Unit Price,Cost,Revenue,Profit
2023-01-01,East,Laptop,14,6210,4244.34,86940,27519.239999999998
2023-01-01,Central,Keyboard,9,13954,9944.41,125586,36086.31
2023-01-02,West,Laptop,9,3502,2318.23,31518,10653.93
2023-01-02,Central,Monitor,5,11166,7392.18,55830,18869.1
2023-01-02,North,Laptop,12,14030,11679.21,168360,28209.48000000001
2023-01-03,North,Smartwatch,12,4509,2989.49,54108,18234.120000000003
2023-01-03,North,Tablet,10,7896,5526.31,78960,23696.899999999994
2023-01-03,North,Headphones,13,6298,4872.08,81874,18536.96
2023-01-04,Central,Keyboard,7,3254,2067.53,22778,8305.289999999999
2023-01-04,East,Keyboard,6,4226,3488.55,25356,4424.699999999999
2023-01-05,East,Keyboard,12,7763,4849.38,93156,34963.44
2023-01-05,North,Camera,4,2930,2246.32,11720,2734.7199999999993
2023-01-05,South,Mouse,14,6942,5193.57,97188,24478.020000000004
2023-01-06,East,Tablet,9,3970,3226.55,35730,6691.049999999998
2023-01-06,Central,Camera,10,11996,9302.7,119960,26932.999999999993
2023-01-06,West,Headphones,10,7137,4746.78,71370,23902.200000000004
2023-01-06,Central,Printer,7,14693,11787.36,102851,20339.479999999996
2023-01-06,East,Tablet,1,7780,4917.29,7780,2862.71
2023-01-06,Central,Monitor,12,2038,1601.71,24456,5235.48
2023-01-07,Central,Camera,2,8397,6039.24,16794,4715.52
2023-01-07,West,Tablet,5,6385,4393.07,31925,9959.650000000001
2023-01-08,Central,Tablet,10,4776,3207.52,47760,15684.8
2023-01-08,North,Monitor,3,8026,5093.46,24078,8797.619999999999
2023-01-08,South,Keyboard,8,9388,6173.75,75104,25714.0
2023-01-08,Central,Mouse,12,14665,10351.05,175980,51767.40000000001
2023-01-10,West,Headphones,5,9248,7285.34,46240,9813.3
2023-01-10,Central,Tablet,4,8069,6550.83,32276,6072.68
2023-01-11,South,Mouse,12,5013,3807.77,60156,14462.76
2023-01-11,Central,Headphones,7,8155,5134.17,57085,21145.809999999998
2023-01-12,East,Headphones,2,13164,9431.99,26328,7464.02
2023-01-12,West,Smartwatch,10,959,673.04,9590,2859.6000000000004
2023-01-12,South,Monitor,7,11287,7407.9,79009,27153.700000000004
2023-01-12,Central,Laptop,4,5787,4125.1,23148,6647.5999999999985
2023-01-13,North,Mouse,13,11285,8740.43,146705,33079.409999999996
2023-01-14,East,Keyboard,8,6375,3940.8,51000,19473.6
2023-01-15,East,Printer,3,8651,5904.77,25953,8238.689999999999
2023-01-15,North,Headphones,2,7144,5826.24,14288,2635.5200000000004
2023-01-15,North,Monitor,14,14765,10986.99,206710,52892.14
2023-01-15,North,Tablet,5,4820,3933.06,24100,4434.700000000001
2023-01-16,East,Phone,2,4336,3464.21,8672,1743.58
2023-01-16,West,Mouse,9,2767,1818.43,24903,8537.13
2023-01-16,East,Tablet,13,6282,4715.49,81666,20364.630000000005
2023-01-16,West,Mouse,3,5731,3611.32,17193,6359.039999999999
2023-01-17,Central,Camera,5,12626,10055.81,63130,12850.950000000003
2023-01-17,Central,Printer,4,10455,7240.69,41820,12857.240000000002
2023-01-18,West,Printer,14,9721,6931.25,136094,39056.5
2023-01-18,Central,Camera,6,11065,7824.11,66390,19445.340000000004
2023-01-19,North,Laptop,4,12724,10720.58,50896,8013.68
2023-01-19,East,Monitor,1,8780,7047.44,8780,1732.5600000000004
2023-01-19,Central,Keyboard,9,4800,3542.01,43200,11321.909999999998
2023-01-19,South,Laptop,11,10293,6221.99,113223,44781.11
2023-01-19,North,Camera,13,8816,7409.51,114608,18284.369999999995
2023-01-20,East,Smartwatch,5,3168,2254.36,15840,4568.199999999999
2023-01-20,West,Laptop,2,11180,9111.0,22360,4138.0
2023-01-21,East,Smartwatch,1,8542,5519.87,8542,3022.13
2023-01-21,West,Smartwatch,13,7548,5367.36,98124,28348.320000000003
2023-01-21,North,Phone,2,4256,2839.39,8512,2833.2200000000003
2023-01-23,West,Phone,4,6606,4584.48,26424,8086.080000000002
2023-01-24,West,Phone,3,7459,5121.07,22377,7013.790000000001
2023-01-25,South,Printer,9,3266,2273.85,29394,8929.35
2023-01-25,West,Monitor,12,13297,10180.29,159564,37400.51999999999
2023-01-25,North,Printer,2,6470,4198.39,12940,4543.219999999999
2023-01-26,Central,Smartwatch,2,13592,8329.65,27184,10524.7
2023-01-26,West,Keyboard,2,12850,8515.62,25700,8668.759999999998
2023-01-26,North,Smartwatch,4,955,622.35,3820,1330.6
2023-01-26,West,Printer,2,6371,4216.56,12742,4308.879999999999
2023-01-27,East,Laptop,12,6891,4623.11,82692,27214.680000000004
2023-01-27,Central,Smartwatch,5,13993,9927.45,69965,20327.749999999996
2023-01-28,North,Monitor,1,1787,1518.89,1787,268.1099999999999
2023-01-28,South,Printer,4,11893,8584.6,47572,13233.599999999999
2023-01-29,South,Mouse,8,9894,8402.15,79152,11934.800000000003
2023-01-29,South,Camera,3,2732,2086.41,8196,1936.7700000000004
2023-01-30,West,Camera,7,7018,5768.48,49126,8746.640000000003
2023-01-30,South,Mouse,8,2684,2075.87,21472,4865.040000000001
2023-01-31,Central,Mouse,2,6932,4449.81,13864,4964.379999999999
2023-01-31,West,Monitor,6,13634,11448.39,81804,13113.660000000003
2023-02-01,South,Printer,11,11359,8521.42,124949,31213.379999999997
2023-02-01,East,Camera,9,12998,10238.73,116982,24833.430000000004
2023-02-01,South,Keyboard,12,6263,4524.0,75156,20868.0
2023-02-02,West,Mouse,14,9349,7020.76,130886,32595.359999999997
2023-02-02,North,Phone,6,14552,10464.75,87312,24523.5
2023-02-02,West,Headphones,9,3567,3016.8,32103,4951.799999999998
2023-02-03,South,Monitor,2,10784,8856.21,21568,3855.5800000000017
2023-02-03,East,Camera,12,11493,7881.99,137916,43332.12
2023-02-03,East,Monitor,13,11678,8655.82,151814,39288.340000000004
2023-02-04,Central,Monitor,2,4111,3254.28,8222,1713.4399999999996
2023-02-05,Central,Printer,11,6623,4606.72,72853,22179.079999999998
2023-02-05,Central,Phone,4,11038,7934.8,44152,12412.8
2023-02-05,Central,Smartwatch,1,7239,5810.0,7239,1429.0
2023-02-05,East,Laptop,14,2844,1832.03,39816,14167.58
2023-02-06,East,Monitor,5,2317,1705.63,11585,3056.8499999999995
2023-02-06,South,Keyboard,12,11387,7476.14,136644,46930.31999999999
2023-02-06,North,Monitor,10,3998,2646.05,39980,13519.499999999998
2023-02-06,South,Laptop,14,7780,5482.76,108920,32161.359999999997
2023-02-06,West,Tablet,10,10858,8184.6,108580,26733.999999999996
2023-02-07,East,Headphones,2,7355,4806.24,14710,5097.52
2023-02-07,Central,Phone,7,14769,9806.8,103383,34735.40000000001
2023-02-08,West,Printer,2,10291,7546.45,20582,5489.1
2023-02-08,South,Phone,1,1001,850.03,1001,150.97000000000003
2023-02-08,West,Headphones,9,12896,9633.15,116064,29365.65
2023-02-08,Central,Phone,11,8461,6974.9,93071,16347.100000000004
2023-02-08,Central,Camera,10,2920,2460.54,29200,4594.6
2023-02-09,Central,Printer,12,8451,7035.1,101412,16990.799999999996
2023-02-09,South,Tablet,6,1322,941.77,7932,2281.38
2023-02-09,South,Keyboard,6,5428,3607.76,32568,10921.439999999999
2023-02-10,Central,Tablet,11,2600,2171.55,28600,4712.949999999998
2023-02-10,Central,Printer,1,5745,4359.99,5745,1385.0100000000002
2023-02-11,West,Monitor,12,14211,9470.59,170532,56884.92
2023-02-11,North,Phone,6,14660,9142.49,87960,33105.06
2023-02-11,West,Mouse,4,7793,5345.47,31172,9790.119999999999
2023-02-13,West,Mouse,8,1158,866.09,9264,2335.2799999999997
2023-02-13,North,Camera,6,3666,2509.7,21996,6937.800000000001
2023-02-13,South,Camera,12,10027,7073.86,120324,35437.68000000001
2023-02-15,South,Smartwatch,10,4161,2802.99,41610,13580.100000000002
2023-02-15,West,Smartwatch,3,4215,3399.35,12645,2446.9500000000003
2023-02-15,West,Phone,11,11780,7287.15,129580,49421.350000000006
2023-02-16,East,Printer,14,11950,7404.05,167300,63643.299999999996
2023-02-16,Central,Camera,12,6944,4434.26,83328,30116.879999999997
2023-02-16,South,Headphones,8,4407,3504.8,35256,7217.5999999999985
2023-02-16,Central,Monitor,12,14570,11602.07,174840,35615.16
2023-02-17,West,Monitor,9,13746,9897.26,123714,34638.659999999996
2023-02-17,East,Phone,13,12226,8358.32,158938,50279.840000000004
2023-02-17,East,Printer,6,11713,9038.97,70278,16044.180000000004
2023-02-17,North,Mouse,14,10249,7928.87,143486,32481.82
2023-02-18,West,Mouse,12,10988,8538.53,131856,29393.639999999992
2023-02-18,North,Phone,6,9347,6860.18,56082,14920.919999999998
2023-02-19,South,Tablet,12,4668,3652.23,56016,12189.24
2023-02-19,North,Keyboard,2,7955,6296.33,15910,3317.34
2023-02-19,East,Headphones,5,14091,9374.18,70455,23584.1
2023-02-20,East,Tablet,14,14878,11389.13,208292,48844.18000000001
2023-02-20,South,Monitor,12,12413,8977.27,148956,41228.759999999995
2023-02-21,North,Tablet,12,10689,8890.61,128268,21580.679999999993
2023-02-21,North,Laptop,9,12454,10481.0,112086,17757.0
2023-02-21,South,Keyboard,6,9880,8273.44,59280,9639.359999999997
2023-02-22,East,Keyboard,10,12427,8122.29,124270,43047.1
2023-02-22,South,Camera,6,11261,7350.79,67566,23461.260000000002
2023-02-22,Central,Tablet,8,2814,2223.7,22512,4722.4000000000015
2023-02-23,West,Keyboard,14,12697,10529.55,177758,30344.30000000001
2023-02-23,East,Monitor,13,2646,1655.3,34398,12879.1
2023-02-24,South,Phone,12,13000,7845.24,156000,61857.12
2023-02-24,West,Laptop,10,6365,4016.69,63650,23483.1
2023-02-24,West,Smartwatch,5,13441,11346.56,67205,10472.200000000003
2023-02-24,North,Phone,12,12515,9713.52,150180,33617.759999999995
2023-02-24,East,Mouse,4,7864,6419.02,31456,5779.919999999998
2023-02-25,North,Phone,7,12328,9697.35,86296,18414.549999999996
2023-02-26,East,Camera,5,2148,1541.06,10740,3034.7000000000003
2023-02-26,West,Printer,10,14195,9134.87,141950,50601.29999999999
2023-02-26,Central,Headphones,13,6891,4472.85,89583,31435.949999999997
2023-02-27,South,Phone,5,11212,8111.77,56060,15501.149999999998
2023-02-28,South,Phone,2,8727,7189.44,17454,3075.120000000001
2023-02-28,South,Phone,7,5776,4294.88,40432,10367.84
2023-03-01,Central,Keyboard,4,9922,7767.03,39688,8619.880000000001
2023-03-01,South,Phone,9,6209,5200.11,55881,9080.010000000002
2023-03-02,Central,Phone,12,4809,3188.86,57708,19441.68
2023-03-02,Central,Monitor,12,14535,11431.22,174420,37245.36000000001
2023-03-02,Central,Phone,8,2736,1747.09,21888,7911.280000000001
2023-03-03,North,Laptop,4,6589,5287.58,26356,5205.68
2023-03-03,North,Camera,2,2675,1691.08,5350,1967.8400000000001
2023-03-03,South,Camera,8,11230,9524.9,89840,13640.800000000003
2023-03-04,Central,Laptop,3,9044,7655.91,27132,4164.27
2023-03-04,East,Phone,6,1357,1044.32,8142,1876.0800000000004
2023-03-04,East,Smartwatch,1,12792,9843.18,12792,2948.8199999999997
2023-03-05,South,Phone,7,5716,3625.93,40012,14630.490000000002
2023-03-05,South,Laptop,1,14743,12066.09,14743,2676.91
2023-03-06,Central,Mouse,2,9659,7302.28,19318,4713.4400000000005
2023-03-07,South,Laptop,4,4174,3535.2,16696,2555.2000000000007
2023-03-07,West,Camera,6,14872,10355.11,89232,27101.339999999997
2023-03-07,North,Smartwatch,13,5450,3447.79,70850,26028.73
2023-03-08,West,Tablet,14,4560,3796.05,63840,10695.299999999997
2023-03-08,West,Camera,12,5058,3062.73,60696,23943.239999999998
2023-03-08,West,Printer,1,6915,5031.51,6915,1883.4899999999998
2023-03-09,West,Monitor,2,1713,1409.2,3426,607.5999999999999
2023-03-09,Central,Monitor,4,7563,5185.34,30252,9510.64
2023-03-10,West,Phone,2,6194,5049.5,12388,2289.0
2023-03-10,North,Printer,10,7922,5132.91,79220,27890.9
2023-03-10,North,Keyboard,1,6849,5495.33,6849,1353.67
2023-03-10,South,Monitor,14,5954,3878.69,83356,29054.34
2023-03-11,North,Headphones,8,6486,3958.4,51888,20220.8
2023-03-11,North,Mouse,13,10621,7564.19,138073,39738.530000000006
2023-03-11,East,Camera,3,1930,1288.0,5790,1926.0
2023-03-11,North,Laptop,13,10124,6509.8,131612,46984.6
2023-03-12,East,Keyboard,1,8739,6377.18,8739,2361.8199999999997
2023-03-12,South,Camera,10,4518,3364.56,45180,11534.400000000001
2023-03-12,Central,Mouse,6,10881,8400.92,65286,14880.48
2023-03-12,East,Tablet,3,2319,1679.59,6957,1918.2300000000002
2023-03-13,Central,Headphones,8,2231,1591.63,17848,5114.959999999999
2023-03-13,East,Camera,4,3461,2621.79,13844,3356.84
2023-03-13,West,Keyboard,3,2700,1708.52,8100,2974.44
2023-03-14,Central,Printer,5,1854,1186.2,9270,3339.0
2023-03-14,Central,Phone,5,14454,10735.71,72270,18591.450000000004
2023-03-14,South,Camera,12,10102,7508.19,121224,31125.720000000005
2023-03-14,East,Printer,1,6856,5274.1,6856,1581.8999999999996
2023-03-14,West,Laptop,10,6725,4300.88,67250,24241.199999999997
2023-03-14,West,Phone,5,6538,4810.98,32690,8635.100000000002
2023-03-14,East,Smartwatch,13,6939,4902.12,90207,26479.440000000002
2023-03-14,West,Tablet,2,4316,3513.45,8632,1605.1000000000004
2023-03-14,West,Keyboard,5,7646,5208.47,38230,12187.649999999998
2023-03-15,East,Tablet,8,12172,8308.59,97376,30907.28
2023-03-15,East,Keyboard,10,6576,4814.7,65760,17613.0
2023-03-15,South,Phone,10,6517,5450.99,65170,10660.100000000002
2023-03-15,South,Keyboard,5,1205,966.68,6025,1191.6000000000004
2023-03-15,North,Keyboard,14,9570,5796.25,133980,52832.5
2023-03-16,West,Tablet,4,14549,10242.99,58196,17224.04
2023-03-17,Central,Printer,3,8816,7103.24,26448,5138.280000000001
2023-03-17,South,Headphones,3,1186,994.38,3558,574.86
2023-03-17,South,Mouse,3,4121,3379.52,12363,2224.44
2023-03-17,West,Phone,3,1789,1413.61,5367,1126.1700000000003
2023-03-18,East,Printer,4,2331,1826.45,9324,2018.1999999999998
2023-03-18,South,Smartwatch,8,4808,4042.22,38464,6126.240000000002
2023-03-19,Central,Headphones,13,2609,2054.9,33917,7203.299999999999
2023-03-19,North,Mouse,11,1889,1460.83,20779,4709.870000000001
2023-03-19,South,Keyboard,13,9378,6812.26,121914,33354.619999999995
2023-03-20,East,Headphones,4,7596,5891.71,30384,6817.16
2023-03-20,East,Tablet,10,14141,8700.22,141410,54407.8
2023-03-20,West,Laptop,12,14769,12378.97,177228,28680.360000000008
2023-03-20,East,Mouse,7,6242,3803.91,43694,17066.63
2023-03-20,Central,Smartwatch,1,3290,2380.71,3290,909.29
2023-03-20,Central,Keyboard,13,13666,9115.21,177658,59160.27000000001
2023-03-20,Central,Phone,6,8738,6802.72,52428,11611.679999999998
2023-03-21,South,Monitor,6,5561,4640.33,33366,5524.02
2023-03-22,West,Headphones,1,4608,2842.95,4608,1765.0500000000002
2023-03-23,East,Phone,2,3406,2121.89,6812,2568.2200000000003
2023-03-24,West,Mouse,5,1735,1211.06,8675,2619.7000000000003
2023-03-24,Central,Printer,11,9165,6923.62,100815,24655.18
2023-03-25,West,Printer,7,1140,906.74,7980,1632.82
2023-03-25,North,Monitor,4,1495,1264.04,5980,923.8400000000001
2023-03-25,East,Phone,14,7442,5306.33,104188,29899.38
2023-03-26,East,Mouse,7,11660,7371.6,81620,30018.799999999996
2023-03-26,North,Tablet,9,1729,1251.11,15561,4301.010000000001
2023-03-26,West,Camera,1,4220,3037.35,4220,1182.65
2023-03-26,South,Phone,1,1159,910.41,1159,248.59000000000003
2023-03-26,East,Mouse,2,14819,11893.53,29638,5850.939999999999
2023-03-27,West,Keyboard,4,2619,1797.4,10476,3286.3999999999996
2023-03-28,North,Monitor,4,2292,1830.66,9168,1845.3599999999997
2023-03-28,North,Tablet,5,2508,1536.48,12540,4857.6
2023-03-28,West,Mouse,8,10228,6438.54,81824,30315.68
2023-03-28,West,Camera,9,11007,7412.33,99063,32352.03
2023-03-29,Central,Mouse,5,4163,2783.96,20815,6895.2
2023-03-29,West,Laptop,9,9965,7114.28,89685,25656.480000000003
2023-03-29,North,Phone,14,2107,1528.0,29498,8106.0
2023-03-29,Central,Printer,5,2473,1544.65,12365,4641.75
2023-03-29,West,Mouse,13,7216,4501.77,93808,35284.98999999999
2023-03-30,South,Camera,5,13543,8965.63,67715,22886.850000000006
2023-03-31,East,Tablet,7,12909,8178.0,90363,33117.0
2023-03-31,Central,Tablet,9,4455,3497.66,40095,8616.060000000001
2023-04-01,West,Monitor,6,9462,7516.65,56772,11672.100000000002
2023-04-01,South,Phone,7,5140,4246.25,35980,6256.25
2023-04-02,South,Mouse,2,7956,6231.95,15912,3448.1000000000004
2023-04-02,East,Mouse,6,1241,796.57,7446,2666.58
2023-04-02,North,Keyboard,9,10295,8405.19,92655,17008.289999999994
2023-04-02,Central,Smartwatch,9,13951,10312.37,125559,32747.66999999999
2023-04-03,North,Laptop,8,10565,7118.41,84520,27572.72
2023-04-03,North,Camera,3,6944,5671.71,20832,3816.87
2023-04-03,West,Mouse,13,14578,9656.43,189514,63980.409999999996
2023-04-03,West,Printer,2,9968,7633.29,19936,4669.42
2023-04-04,West,Phone,13,3967,3070.84,51571,11650.079999999998
2023-04-04,East,Phone,4,8168,6885.6,32672,5129.5999999999985
2023-04-04,South,Laptop,11,12932,8416.88,142252,49666.32000000001
2023-04-04,South,Smartwatch,8,2572,1661.83,20576,7281.360000000001
2023-04-04,North,Tablet,10,4027,3333.6,40270,6934.000000000001
2023-04-05,Central,Smartwatch,11,5458,3321.95,60038,23496.550000000003
2023-04-05,West,Printer,10,10458,6563.95,104580,38940.5
2023-04-06,North,Printer,8,14105,11812.87,112840,18337.039999999994
2023-04-06,East,Tablet,5,4978,3595.81,24890,6910.950000000001
2023-04-06,East,Camera,11,1076,732.39,11836,3779.71
2023-04-07,West,Keyboard,7,5446,3703.04,38122,12200.720000000001
2023-04-08,North,Monitor,11,2629,1854.54,28919,8519.060000000001
2023-04-09,North,Printer,11,6468,5491.68,71148,10739.519999999997
2023-04-10,South,Camera,5,11901,9347.16,59505,12769.2
2023-04-10,South,Mouse,12,8174,6057.87,98088,25393.56
2023-04-11,East,Keyboard,6,7951,5228.46,47706,16335.24
2023-04-11,East,Smartwatch,1,11088,8226.71,11088,2861.290000000001
2023-04-11,East,Smartwatch,7,8503,5960.28,59521,17799.04
2023-04-12,West,Keyboard,6,3619,2837.35,21714,4689.900000000001
2023-04-13,Central,Headphones,11,2427,1619.33,26697,8884.37
2023-04-14,North,Headphones,4,1034,763.49,4136,1082.04
2023-04-14,South,Camera,1,9405,5746.61,9405,3658.3900000000003
2023-04-14,North,Laptop,12,6544,4939.9,78528,19249.200000000004
2023-04-14,West,Laptop,6,6627,4587.08,39762,12239.52
2023-04-15,North,Phone,10,14016,9577.72,140160,44382.8
2023-04-15,South,Tablet,12,941,582.79,11292,4298.52
2023-04-16,Central,Tablet,12,14887,12122.14,178644,33178.32000000001
2023-04-16,East,Printer,4,13491,10154.3,53964,13346.800000000003
2023-04-16,West,Monitor,2,7268,5415.08,14536,3705.84
2023-04-16,Central,Laptop,1,11706,7540.36,11706,4165.64
2023-04-17,East,Mouse,11,3973,2617.63,43703,14909.07
2023-04-17,South,Keyboard,4,1898,1345.35,7592,2210.6000000000004
2023-04-17,East,Smartwatch,13,5293,3761.86,68809,19904.82
2023-04-17,North,Printer,11,1339,992.78,14729,3808.42
2023-04-18,Central,Mouse,14,14938,10865.64,209132,57013.04000000001
2023-04-18,East,Tablet,9,6632,5482.51,59688,10345.409999999998
2023-04-18,South,Smartwatch,10,3355,2639.01,33550,7159.899999999998
2023-04-19,East,Tablet,8,3042,2004.13,24336,8302.96
2023-04-19,Central,Tablet,6,4499,3259.11,26994,7439.339999999999
2023-04-19,West,Laptop,7,4641,3682.41,32487,6710.130000000001
2023-04-20,West,Printer,10,14503,10479.35,145030,40236.5
2023-04-20,East,Tablet,2,3580,2388.12,7160,2383.76
2023-04-20,East,Keyboard,1,6346,4305.75,6346,2040.25
2023-04-20,South,Camera,4,4547,3402.13,18188,4579.48
2023-04-21,South,Phone,8,5984,4711.98,47872,10176.160000000003
2023-04-21,North,Tablet,1,9533,7366.17,9533,2166.83
2023-04-21,East,Laptop,14,9567,6803.3,133938,38691.799999999996
2023-04-21,East,Monitor,8,3109,2260.43,24872,6788.560000000001
2023-04-22,Central,Mouse,6,11519,9439.73,69114,12475.620000000003
2023-04-23,East,Laptop,6,2972,2212.14,17832,4559.160000000001
2023-04-23,North,Monitor,5,13211,9945.63,66055,16326.850000000004
2023-04-23,East,Mouse,11,11093,7710.55,122023,37206.95
2023-04-23,North,Tablet,11,13106,10707.13,144166,26387.570000000007
2023-04-24,East,Printer,4,9411,7457.58,37644,7813.68
2023-04-24,South,Monitor,1,11493,8594.61,11493,2898.3899999999994
2023-04-24,West,Smartwatch,8,10502,6322.98,84016,33432.16
2023-04-25,Central,Headphones,3,7616,5632.44,22848,5950.680000000001
2023-04-25,Central,Printer,1,5557,3582.73,5557,1974.27
2023-04-25,East,Tablet,3,3324,2023.89,9972,3900.33
2023-04-25,Central,Camera,10,11070,9285.85,110700,17841.499999999996
2023-04-26,West,Mouse,14,2177,1773.18,30478,5653.48
2023-04-27,Central,Keyboard,9,7162,4892.26,64458,20427.659999999996
2023-04-27,Central,Printer,4,14124,9896.29,56496,16910.839999999997
2023-04-27,West,Laptop,6,11663,8375.63,69978,19724.220000000005
2023-04-28,North,Smartwatch,2,9883,7748.16,19766,4269.68
2023-04-28,West,Printer,7,13128,10885.15,91896,15699.950000000003
2023-04-29,South,Mouse,5,12331,8922.5,61655,17042.5
2023-04-29,West,Phone,14,3919,3019.36,54866,12594.96
2023-04-29,West,Camera,9,13266,11140.22,119394,19132.020000000004
2023-04-29,Central,Printer,11,2356,1721.21,25916,6982.69
2023-04-29,Central,Laptop,3,1888,1257.22,5664,1892.34
2023-04-30,West,Camera,5,14124,11898.68,70620,11126.599999999999
2023-05-01,West,Phone,1,10142,6783.91,10142,3358.09
2023-05-01,West,Headphones,5,7374,4975.56,36870,11992.199999999997
2023-05-01,West,Keyboard,2,10594,6693.6,21188,7800.799999999999
2023-05-02,Central,Laptop,1,12596,7601.29,12596,4994.71
2023-05-03,North,Keyboard,1,10256,6473.58,10256,3782.42
2023-05-03,South,Printer,14,3641,3072.03,50974,7965.579999999997
2023-05-03,East,Headphones,3,13645,11138.44,40935,7519.6799999999985
2023-05-03,West,Headphones,7,3082,2465.63,21574,4314.589999999999
2023-05-04,East,Monitor,13,6846,4621.73,88998,28915.510000000006
2023-05-04,West,Smartwatch,2,8344,5165.39,16688,6357.219999999999
2023-05-05,North,Phone,2,11972,9283.48,23944,5377.040000000001
2023-05-05,West,Laptop,3,3592,2181.35,10776,4231.950000000001
2023-05-05,North,Camera,14,14472,10729.15,202608,52399.90000000001
2023-05-05,Central,Keyboard,3,11002,7363.9,33006,10914.300000000001
2023-05-06,North,Monitor,2,1236,952.83,2472,566.3399999999999
2023-05-07,South,Tablet,12,13946,11853.31,167352,25112.280000000006
2023-05-07,South,Laptop,2,8615,6286.54,17230,4656.92
2023-05-08,Central,Smartwatch,12,10583,6983.58,126996,43193.04
2023-05-08,West,Printer,14,9901,7045.5,138614,39977.0
2023-05-08,South,Laptop,6,5802,3961.91,34812,11040.54
2023-05-08,North,Monitor,12,10205,8113.13,122460,25102.44
2023-05-08,East,Monitor,5,10901,6803.04,54505,20489.8
2023-05-09,South,Mouse,14,6421,4464.91,89894,27385.260000000002
2023-05-09,West,Keyboard,6,13249,9793.99,79494,20730.06
2023-05-10,Central,Smartwatch,1,2274,1867.06,2274,406.94000000000005
2023-05-10,East,Smartwatch,4,1959,1208.0,7836,3004.0
2023-05-10,North,Mouse,10,3297,2099.23,32970,11977.7
2023-05-10,South,Smartwatch,11,14651,9967.92,161161,51513.88
2023-05-12,North,Headphones,11,5178,4314.14,56958,9502.459999999995
2023-05-12,West,Camera,13,3194,2202.19,41522,12893.529999999999
2023-05-12,East,Monitor,4,3216,2265.37,12864,3802.5200000000004
2023-05-13,East,Monitor,3,7269,4389.95,21807,8637.150000000001
2023-05-13,North,Printer,6,8030,5020.45,48180,18057.300000000003
2023-05-13,East,Laptop,8,9831,7564.04,78648,18135.68
2023-05-14,East,Monitor,5,14899,9926.02,74495,24864.899999999998
2023-05-15,North,Monitor,9,10690,8497.28,96210,19734.479999999996
2023-05-15,South,Phone,2,14603,8934.19,29206,11337.619999999999
2023-05-15,North,Phone,5,2816,1752.66,14080,5316.7
2023-05-15,East,Tablet,11,6374,5380.68,70114,10926.519999999997
2023-05-15,East,Laptop,7,7894,6029.9,55258,13048.700000000003
2023-05-15,South,Keyboard,2,5837,3808.58,11674,4056.84
2023-05-16,Central,Mouse,9,10870,6944.44,97830,35330.04
2023-05-16,Central,Camera,9,4043,2870.2,36387,10555.2
2023-05-17,West,Laptop,12,2324,1784.7,27888,6471.599999999999
2023-05-17,East,Headphones,9,4693,3520.89,42237,10548.990000000002
2023-05-17,South,Phone,14,7381,5937.32,103334,20211.520000000004
2023-05-18,South,Keyboard,4,6704,4813.18,26816,7563.279999999999
2023-05-18,Central,Phone,4,3035,2292.64,12140,2969.4400000000005
2023-05-19,South,Printer,6,7170,5637.76,43020,9193.439999999999
2023-05-19,North,Mouse,11,10042,6751.89,110462,36191.21
2023-05-20,Central,Printer,1,2515,1796.82,2515,718.1800000000001
2023-05-20,East,Headphones,9,12694,9495.4,114246,28787.4
2023-05-21,East,Headphones,1,1142,953.45,1142,188.54999999999995
2023-05-21,Central,Smartwatch,2,2958,2061.85,5916,1792.3000000000002
2023-05-22,Central,Mouse,10,11451,8363.26,114510,30877.399999999998
2023-05-22,South,Laptop,7,5596,4166.84,39172,10004.119999999999
2023-05-22,South,Mouse,3,3962,3143.56,11886,2455.32
2023-05-23,South,Tablet,9,13449,9351.43,121041,36878.13
2023-05-24,Central,Mouse,2,5854,4688.22,11708,2331.5599999999995
2023-05-24,Central,Monitor,11,11585,8102.28,127435,38309.920000000006
2023-05-24,North,Phone,9,13213,8111.39,118917,45914.49
2023-05-24,West,Tablet,14,5292,3959.5,74088,18655.0
2023-05-24,Central,Camera,9,4666,3502.11,41994,10475.009999999998
2023-05-25,East,Phone,4,6667,4661.83,26668,8020.68
2023-05-25,West,Phone,4,4723,2907.42,18892,7262.32
2023-05-26,Central,Laptop,4,12756,8171.57,51024,18337.72
2023-05-26,East,Phone,12,7268,5070.91,87216,26365.08
2023-05-26,Central,Laptop,14,14802,11928.13,207228,40234.18000000001
2023-05-26,East,Smartwatch,9,9715,7960.81,87435,15787.709999999995
2023-05-27,Central,Monitor,6,3022,2217.86,18132,4824.839999999999
2023-05-28,West,Smartwatch,6,5578,4661.69,33468,5497.860000000002
2023-05-28,West,Keyboard,12,6642,5615.37,79704,12319.560000000001
2023-05-29,Central,Mouse,1,13874,8726.95,13874,5147.049999999999
2023-05-29,West,Headphones,6,6174,3838.63,37044,14012.22
2023-05-29,South,Tablet,4,6608,4666.05,26432,7767.799999999999
2023-05-29,North,Phone,6,14212,11030.49,85272,19089.06
2023-05-30,West,Headphones,11,7452,6073.22,81972,15166.579999999998
2023-05-30,North,Keyboard,14,8195,5500.03,114730,37729.58
2023-05-30,South,Keyboard,7,8416,6997.48,58912,9929.640000000003
2023-05-30,West,Smartwatch,8,13355,10947.8,106840,19257.600000000006
2023-05-31,East,Printer,8,4251,3128.09,34008,8983.279999999999
2023-05-31,East,Camera,4,13791,10870.88,55164,11680.480000000003
2023-05-31,South,Mouse,3,13376,10270.15,40128,9317.550000000001
2023-05-31,South,Keyboard,3,6276,4057.25,18828,6656.25
2023-05-31,South,Laptop,2,11203,7944.21,22406,6517.58
2023-06-02,West,Headphones,4,3975,3070.49,15900,3618.040000000001
2023-06-02,East,Mouse,4,14039,10318.75,56156,14881.0
2023-06-03,Central,Mouse,4,2562,1685.44,10248,3506.24
2023-06-03,South,Phone,3,11421,9017.12,34263,7211.639999999998
2023-06-03,East,Monitor,4,9767,6984.4,39068,11130.400000000001
2023-06-04,North,Phone,3,10888,7412.54,32664,10426.380000000001
2023-06-04,East,Monitor,11,11316,9043.2,124476,25000.799999999992
2023-06-05,West,Smartwatch,4,4011,2779.74,16044,4925.040000000001
2023-06-06,Central,Smartwatch,3,4300,3577.79,12900,2166.63
2023-06-06,South,Camera,11,2388,1807.85,26268,6381.6500000000015
2023-06-07,Central,Tablet,13,11334,8466.65,147342,37275.55
2023-06-07,Central,Printer,14,1941,1249.34,27174,9683.240000000002
2023-06-07,North,Mouse,6,2574,1919.65,15444,3926.0999999999995
2023-06-07,South,Mouse,12,8633,6253.45,103596,28554.600000000002
2023-06-08,West,Camera,2,12789,9385.96,25578,6806.080000000002
2023-06-08,West,Printer,3,5469,4001.78,16407,4401.66
2023-06-08,Central,Keyboard,9,13904,10306.38,125136,32378.58000000001
2023-06-08,East,Printer,3,10098,6195.32,30294,11708.04
2023-06-09,West,Printer,8,7869,5771.32,62952,16781.440000000002
2023-06-10,Central,Headphones,12,12315,7752.75,147780,54747.0
2023-06-10,North,Smartwatch,14,12480,9390.63,174720,43251.18000000001
2023-06-10,East,Smartwatch,3,13581,8987.56,40743,13780.320000000002
2023-06-10,South,Printer,7,9218,6851.67,64526,16564.309999999998
2023-06-10,South,Laptop,5,1682,1019.84,8410,3310.7999999999997
2023-06-10,North,Keyboard,4,7799,4715.52,31196,12333.919999999998
2023-06-10,South,Headphones,5,8246,5811.75,41230,12171.25
2023-06-10,East,Tablet,10,7516,5565.81,75160,19501.899999999994
2023-06-12,North,Monitor,12,987,818.62,11844,2020.56
2023-06-12,West,Smartwatch,3,12888,10711.09,38664,6530.73
2023-06-13,South,Keyboard,5,3254,2233.02,16270,5104.9
2023-06-13,South,Camera,5,13155,11120.54,65775,10172.299999999996
2023-06-14,South,Tablet,13,7589,5362.31,98657,28946.969999999994
2023-06-14,North,Smartwatch,6,2969,2230.41,17814,4431.540000000001
2023-06-14,North,Monitor,9,9024,7524.96,81216,13491.36
2023-06-15,North,Laptop,12,13036,10648.99,156432,28644.120000000003
2023-06-15,Central,Headphones,7,1746,1268.78,12222,3340.54
2023-06-15,East,Camera,11,13628,11022.43,149908,28661.269999999997
2023-06-15,North,Printer,14,9133,7742.09,127862,19472.739999999998
2023-06-16,North,Tablet,9,2181,1318.6,19629,7761.6
2023-06-16,East,Tablet,12,8836,6995.19,106032,22089.720000000005
2023-06-16,Central,Mouse,7,12692,10296.79,88844,16766.469999999994
2023-06-16,South,Printer,8,2428,2002.39,19424,3404.879999999999
2023-06-17,North,Mouse,7,7811,6258.11,54677,10870.230000000003
2023-06-17,Central,Keyboard,7,14314,11849.4,100198,17252.200000000004
2023-06-18,Central,Mouse,7,11323,8731.86,79261,18137.979999999996
2023-06-18,West,Tablet,4,2951,2435.14,11804,2063.4400000000005
2023-06-18,South,Keyboard,1,6606,4804.25,6606,1801.75
2023-06-19,South,Headphones,8,9846,8117.08,78768,13831.36
2023-06-19,South,Laptop,9,7790,5870.11,70110,17279.010000000002
2023-06-19,North,Phone,5,6042,5056.41,30210,4927.950000000001
2023-06-20,South,Camera,2,5590,4027.75,11180,3124.5
2023-06-20,North,Phone,14,12598,8878.56,176372,52072.16
2023-06-20,West,Laptop,7,8370,6412.27,58590,13704.109999999997
2023-06-21,South,Smartwatch,14,11414,7406.17,159796,56109.619999999995
2023-06-21,South,Mouse,1,8618,5611.07,8618,3006.9300000000003
2023-06-21,North,Printer,12,8713,6108.32,104556,31256.160000000003
2023-06-21,West,Monitor,11,14083,10228.23,154913,42402.47
2023-06-22,West,Camera,14,2247,1669.86,31458,8079.960000000001
2023-06-22,South,Headphones,2,10928,7131.11,21856,7593.780000000001
2023-06-22,North,Keyboard,3,14415,9815.17,43245,13799.49
2023-06-22,Central,Monitor,2,14590,11321.47,29180,6537.060000000001
2023-06-22,Central,Camera,6,12390,8818.97,74340,21426.180000000004
2023-06-23,East,Smartwatch,9,3460,2193.62,31140,11397.420000000002
2023-06-23,South,Printer,14,12267,7893.23,171738,61232.780000000006
2023-06-23,Central,Tablet,5,6998,5736.66,34990,6306.700000000001
2023-06-23,West,Smartwatch,10,1242,988.0,12420,2540.0
2023-06-24,South,Mouse,11,4863,3672.0,53493,13101.0
2023-06-24,North,Monitor,12,1571,1073.3,18852,5972.400000000001
2023-06-26,Central,Laptop,3,6390,4435.72,19170,5862.839999999999
2023-06-26,North,Laptop,11,11990,7260.18,131890,52028.02
2023-06-26,Central,Laptop,13,13085,9198.73,170105,50521.51000000001
2023-06-27,Central,Tablet,12,5396,4342.67,64752,12639.96
2023-06-27,East,Keyboard,2,12365,9794.07,24730,5141.860000000001
2023-06-27,South,Tablet,8,3387,2291.29,27096,8765.68
2023-06-27,Central,Printer,4,12610,7793.65,50440,19265.4
2023-06-28,Central,Keyboard,5,6848,4558.9,34240,11445.500000000002
2023-06-28,Central,Headphones,10,6468,4604.51,64680,18634.899999999998
2023-06-28,West,Smartwatch,12,7161,5189.72,85932,23655.359999999997
2023-06-29,South,Monitor,2,11849,9688.76,23698,4320.48
2023-06-29,East,Smartwatch,13,1527,1140.9,19851,5019.299999999999
2023-06-29,North,Printer,10,13088,8397.62,130880,46903.79999999999
2023-06-30,West,Mouse,3,840,521.31,2520,956.0700000000002
2023-06-30,South,Keyboard,10,4429,3733.59,44290,6954.0999999999985
2023-06-30,Central,Headphones,9,1460,1158.73,13140,2711.43
2023-06-30,Central,Headphones,11,8982,5570.25,98802,37529.25
2023-06-30,West,Tablet,6,5378,3624.28,32268,10522.32
2023-07-01,North,Headphones,7,2746,2118.75,19222,4390.75
2023-07-02,East,Mouse,10,1526,1088.68,15260,4373.199999999999
2023-07-02,Central,Monitor,6,14131,10554.17,84786,21460.98
2023-07-02,Central,Smartwatch,3,8623,6886.93,25869,5208.209999999999
2023-07-03,East,Laptop,11,7428,5718.16,81708,18808.24
2023-07-03,West,Phone,10,7705,6447.11,77050,12578.900000000003
2023-07-03,East,Laptop,8,8680,6842.0,69440,14704.0
2023-07-04,East,Laptop,6,6076,3983.25,36456,12556.5
2023-07-04,West,Camera,8,1924,1619.5,15392,2436.0
2023-07-04,South,Monitor,6,8979,7146.01,53874,10997.939999999999
2023-07-05,West,Camera,5,11088,7732.43,55440,16777.85
2023-07-05,North,Mouse,7,11373,9076.23,79611,16077.390000000003
2023-07-05,West,Monitor,6,3751,2970.3,22506,4684.199999999999
2023-07-05,East,Keyboard,3,8229,5745.78,24687,7449.660000000001
2023-07-05,South,Tablet,3,8158,6774.62,24474,4150.14
2023-07-05,South,Keyboard,4,13968,10607.38,55872,13442.480000000003
2023-07-06,North,Monitor,3,6223,4345.79,18669,5631.63
2023-07-07,South,Printer,9,10935,7463.72,98415,31241.519999999997
2023-07-07,Central,Printer,1,1064,849.18,1064,214.82000000000005
2023-07-07,Central,Phone,4,12930,10963.39,51720,7866.440000000002
2023-07-07,East,Mouse,6,2156,1423.06,12936,4397.64
2023-07-08,Central,Camera,8,1140,857.75,9120,2258.0
2023-07-08,South,Headphones,13,14528,9825.36,188864,61134.31999999999
2023-07-08,Central,Smartwatch,4,7118,5939.73,28472,4713.080000000002
2023-07-09,Central,Keyboard,6,1578,1244.56,9468,2000.6400000000003
2023-07-10,North,Camera,11,2656,2160.38,29216,5451.819999999999
2023-07-10,North,Mouse,14,982,683.9,13748,4173.400000000001
2023-07-11,South,Phone,2,7780,5267.5,15560,5025.0
2023-07-11,South,Laptop,1,8095,4993.38,8095,3101.62
2023-07-12,East,Monitor,8,3107,2465.99,24856,5128.080000000002
2023-07-12,East,Phone,11,12406,8602.06,136466,41843.340000000004
2023-07-12,East,Headphones,14,1710,1342.76,23940,5141.360000000001
2023-07-12,South,Laptop,7,7201,4474.8,50407,19083.399999999998
2023-07-12,South,Phone,2,2642,1814.14,5284,1655.7199999999998
2023-07-13,South,Smartwatch,12,8411,5791.57,100932,31433.160000000003
2023-07-13,North,Keyboard,8,3152,2287.48,25216,6916.16
2023-07-14,East,Mouse,14,12750,8291.62,178500,62417.31999999999
2023-07-14,South,Phone,3,9356,5891.13,28068,10394.61
2023-07-14,North,Headphones,12,11148,7719.23,133776,41145.240000000005
2023-07-15,South,Monitor,8,5224,4009.58,41792,9715.36
2023-07-15,Central,Tablet,13,12551,9551.1,163163,38998.7
2023-07-15,South,Phone,3,9587,6322.41,28761,9793.77
2023-07-16,North,Headphones,1,3628,2345.58,3628,1282.42
2023-07-16,North,Smartwatch,13,993,605.08,12909,5042.959999999999
2023-07-16,South,Phone,5,9651,5939.3,48255,18558.5
2023-07-17,South,Smartwatch,3,11143,7029.7,33429,12339.900000000001
2023-07-19,Central,Phone,13,12667,8409.96,164671,55341.52000000001
2023-07-19,North,Mouse,4,13219,10636.83,52876,10328.68
2023-07-19,West,Printer,6,9115,6133.99,54690,17886.06
2023-07-20,South,Headphones,12,5499,3904.2,65988,19137.600000000002
2023-07-20,Central,Smartwatch,1,13782,8950.68,13782,4831.32
2023-07-20,Central,Mouse,13,12651,9414.48,164463,42074.76000000001
2023-07-21,Central,Monitor,9,8817,5342.42,79353,31271.22
2023-07-21,Central,Printer,1,10997,7351.13,10997,3645.87
2023-07-22,Central,Keyboard,7,6147,4296.43,43029,12953.989999999998
2023-07-22,Central,Monitor,4,11376,7994.85,45504,13524.599999999999
2023-07-22,Central,Headphones,4,12821,8898.97,51284,15688.120000000003
2023-07-22,North,Keyboard,8,10896,6687.75,87168,33666.0
2023-07-22,South,Laptop,3,8925,5641.76,26775,9849.72
2023-07-23,West,Tablet,14,14491,11528.52,202874,41474.719999999994
2023-07-23,West,Phone,4,13920,8824.45,55680,20382.199999999997
2023-07-23,East,Phone,2,8701,7003.99,17402,3394.0200000000004
2023-07-23,East,Phone,14,6461,4387.93,90454,29022.979999999996
2023-07-24,Central,Smartwatch,1,12441,8696.52,12441,3744.4799999999996
2023-07-24,North,Monitor,8,12163,9222.98,97304,23520.160000000003
2023-07-24,West,Mouse,9,11132,9180.44,100188,17564.039999999994
2023-07-25,North,Camera,11,2748,2165.09,30228,6412.009999999998
2023-07-25,Central,Phone,3,2870,2089.25,8610,2342.25
2023-07-25,South,Keyboard,5,2007,1436.08,10035,2854.6000000000004
2023-07-25,South,Tablet,6,10441,7159.41,62646,19689.54
2023-07-25,Central,Smartwatch,8,14327,9196.01,114616,41047.92
2023-07-26,South,Printer,10,9810,6923.23,98100,28867.700000000004
2023-07-27,North,Phone,5,7144,5137.04,35720,10034.8
2023-07-27,East,Keyboard,13,4917,3694.58,63921,15891.460000000001
2023-07-27,South,Tablet,5,8604,5532.46,43020,15357.7
2023-07-27,Central,Monitor,8,982,719.78,7856,2097.76
2023-07-28,East,Camera,12,3458,2123.27,41496,16016.76
2023-07-28,North,Camera,7,12538,8432.22,87766,28740.460000000006
2023-07-28,North,Laptop,12,2550,1559.61,30600,11884.68
2023-07-29,West,Monitor,2,13349,9710.29,26698,7277.419999999998
2023-07-29,North,Laptop,13,10804,7811.88,140452,38897.56
2023-07-29,North,Headphones,7,5452,3419.93,38164,14224.490000000002
2023-07-30,West,Laptop,3,3061,2589.67,9183,1413.9899999999998
2023-07-30,East,Monitor,1,2028,1527.54,2028,500.46000000000004
2023-07-30,Central,Camera,6,11519,7779.5,69114,22437.0
2023-07-30,West,Headphones,7,7383,4486.99,51681,20272.07
2023-07-30,South,Smartwatch,13,3024,2567.9,39312,5929.299999999999
2023-07-31,Central,Printer,8,9258,6714.93,74064,20344.559999999998
2023-08-01,South,Camera,14,10833,8105.96,151662,38178.56
2023-08-02,East,Camera,5,7388,4650.24,36940,13688.800000000001
2023-08-02,Central,Printer,9,9731,6438.5,87579,29632.5
2023-08-02,Central,Mouse,13,14486,12139.33,188318,30506.71
2023-08-03,North,Laptop,12,13169,8766.72,158028,52827.36000000001
2023-08-03,North,Tablet,7,2799,1972.73,19593,5783.889999999999
2023-08-04,South,Phone,4,14186,10794.05,56744,13567.800000000003
2023-08-04,West,Camera,3,2770,1728.47,8310,3124.59
2023-08-05,North,Headphones,13,13735,9213.04,178555,58785.47999999999
2023-08-05,South,Tablet,12,3545,2594.06,42540,11411.28
2023-08-05,Central,Tablet,7,12577,9424.54,88039,22067.219999999994
2023-08-05,East,Smartwatch,14,12980,8617.77,181720,61071.219999999994
2023-08-05,East,Camera,1,12395,7703.77,12395,4691.23
2023-08-05,Central,Laptop,2,14940,9571.54,29880,10736.919999999998
2023-08-06,East,Keyboard,8,2297,1817.37,18376,3837.040000000001
2023-08-06,East,Headphones,9,12588,8755.71,113292,34490.61000000001
2023-08-07,South,Tablet,11,5728,4262.39,63008,16121.709999999995
2023-08-07,West,Keyboard,3,8270,5744.62,24810,7576.14
2023-08-08,West,Laptop,6,13932,8717.6,83592,31286.399999999998
2023-08-08,South,Keyboard,4,7966,5333.58,31864,10529.68
2023-08-08,South,Keyboard,5,3600,2816.76,18000,3916.199999999999
2023-08-08,West,Headphones,1,8750,7412.77,8750,1337.2299999999996
2023-08-09,West,Laptop,10,14124,8595.24,141240,55287.600000000006
2023-08-09,South,Phone,1,11981,8322.0,11981,3659.0
2023-08-09,South,Camera,5,3424,2584.12,17120,4199.400000000001
2023-08-09,North,Keyboard,10,12727,10033.94,127270,26930.599999999995
2023-08-10,North,Keyboard,10,8198,6896.66,81980,13013.400000000001
2023-08-11,Central,Smartwatch,3,7363,5365.69,22089,5991.930000000001
2023-08-11,Central,Mouse,9,2027,1230.12,18243,7171.920000000001
2023-08-11,West,Printer,7,8558,6553.51,59906,14031.429999999998
2023-08-12,East,Laptop,4,10229,8599.48,40916,6518.080000000002
2023-08-12,South,Headphones,4,8589,6059.74,34356,10117.04
2023-08-13,Central,Smartwatch,1,2116,1341.22,2116,774.78
2023-08-13,East,Monitor,7,7176,4975.1,50232,15406.299999999997
2023-08-14,East,Smartwatch,12,10015,6135.73,120180,46551.240000000005
2023-08-14,North,Laptop,7,3912,2605.49,27384,9145.570000000002
2023-08-15,West,Tablet,14,11382,7540.73,159348,53777.780000000006
2023-08-16,North,Monitor,4,4596,3498.53,18384,4389.879999999999
2023-08-16,Central,Smartwatch,6,14164,9963.41,84984,25203.54
2023-08-16,South,Phone,2,6618,4530.68,13236,4174.639999999999
2023-08-16,Central,Phone,13,14926,9757.96,194038,67184.52000000002
2023-08-16,West,Printer,4,6209,4397.37,24836,7246.52
2023-08-16,North,Smartwatch,13,6706,4805.98,87178,24700.260000000006
2023-08-17,North,Camera,4,4501,3520.18,18004,3923.2800000000007
2023-08-17,South,Laptop,4,7884,5610.61,31536,9093.560000000001
2023-08-17,East,Phone,12,5379,3539.51,64548,22073.879999999997
2023-08-17,South,Mouse,8,4825,2953.05,38600,14975.599999999999
2023-08-17,North,Printer,4,4765,3607.38,19060,4630.48
2023-08-17,West,Keyboard,5,8843,6283.53,44215,12797.350000000002
2023-08-17,East,Monitor,6,1787,1325.42,10722,2769.4799999999996
2023-08-18,North,Headphones,1,7961,5387.72,7961,2573.2799999999997
2023-08-18,South,Laptop,10,14435,8855.67,144350,55793.3
2023-08-18,West,Monitor,9,10170,7046.54,91530,28111.14
2023-08-18,Central,Camera,9,6155,4205.59,55395,17544.69
2023-08-19,North,Laptop,2,6868,4476.04,13736,4783.92
2023-08-19,West,Monitor,14,8888,5989.88,124432,40573.68
2023-08-19,Central,Headphones,11,2261,1781.37,24871,5275.930000000001
2023-08-19,East,Tablet,8,1772,1112.28,14176,5277.76
2023-08-20,West,Camera,6,2663,2221.32,15978,2650.079999999999
2023-08-20,West,Keyboard,6,6577,5092.16,39462,8909.04
2023-08-20,North,Monitor,13,2798,2261.52,36374,6974.24
2023-08-21,West,Monitor,2,10135,6809.31,20270,6651.379999999999
2023-08-21,East,Tablet,14,5712,3922.85,79968,25048.100000000002
2023-08-22,East,Camera,12,2278,1660.67,27336,7407.959999999999
2023-08-22,East,Tablet,13,3184,1978.47,41392,15671.89
2023-08-23,Central,Tablet,3,14770,10552.85,44310,12651.449999999999
2023-08-23,East,Camera,2,13909,9536.09,27818,8745.82
2023-08-24,East,Printer,5,12744,10821.64,63720,9611.800000000003
2023-08-25,South,Monitor,12,2807,2372.22,33684,5217.360000000002
2023-08-25,West,Headphones,7,5697,4564.2,39879,7929.600000000001
2023-08-25,South,Laptop,5,1655,1134.15,8275,2604.2499999999995
2023-08-26,West,Phone,10,11233,6821.21,112330,44117.9
2023-08-26,South,Laptop,12,2623,1807.99,31476,9780.119999999999
2023-08-26,North,Headphones,8,8280,5932.88,66240,18776.96
2023-08-26,West,Printer,7,3790,2524.28,26530,8860.039999999999
2023-08-26,South,Printer,5,4073,2482.18,20365,7954.1
2023-08-27,South,Keyboard,5,2239,1628.87,11195,3050.6500000000005
2023-08-27,South,Tablet,12,14915,11084.93,178980,45960.84
2023-08-27,North,Keyboard,12,13752,10545.27,165024,38480.759999999995
2023-08-28,South,Tablet,7,1940,1296.31,13580,4505.83
2023-08-28,Central,Headphones,12,2524,1679.1,30288,10138.800000000001
2023-08-29,East,Mouse,6,6729,5402.77,40374,7957.379999999997
2023-08-31,South,Keyboard,4,4540,3109.9,18160,5720.4
2023-08-31,West,Headphones,2,9153,6166.02,18306,5973.959999999999
2023-08-31,East,Smartwatch,14,11359,6915.92,159026,62203.119999999995
2023-08-31,South,Tablet,12,12748,10228.38,152976,30235.44000000001
2023-08-31,South,Keyboard,2,7216,5878.34,14432,2675.3199999999997
2023-09-01,East,Phone,9,10579,6646.91,95211,35388.81
2023-09-01,West,Camera,6,11371,6951.76,68226,26515.44
2023-09-02,South,Monitor,4,11269,6965.9,45076,17212.4
2023-09-02,East,Phone,5,1223,869.35,6115,1768.25
2023-09-02,South,Smartwatch,10,13110,10614.39,131100,24956.100000000006
2023-09-03,West,Mouse,6,1570,980.27,9420,3538.38
2023-09-03,West,Smartwatch,9,13766,8645.74,123894,46082.340000000004
2023-09-04,East,Keyboard,5,2805,1856.66,14025,4741.7
2023-09-04,West,Laptop,2,8368,5667.13,16736,5401.74
2023-09-04,Central,Tablet,11,11686,8313.71,128546,37095.19000000001
2023-09-04,North,Camera,14,13425,11109.2,187950,32421.19999999999
2023-09-05,Central,Phone,4,4437,3734.13,17748,2811.4799999999996
2023-09-05,North,Printer,14,10449,7631.21,146286,39449.06
2023-09-05,East,Keyboard,7,13927,8575.8,97489,37458.40000000001
2023-09-05,South,Phone,12,7265,4812.1,87180,29434.799999999996
2023-09-06,East,Smartwatch,11,5863,4813.72,64493,11542.079999999998
2023-09-06,Central,Headphones,10,7338,4454.5,73380,28835.0
2023-09-06,South,Mouse,5,915,641.18,4575,1369.1000000000004
2023-09-07,South,Keyboard,10,9968,6199.59,99680,37684.1
2023-09-08,North,Printer,11,3523,2546.65,38753,10739.849999999999
2023-09-08,Central,Headphones,4,12439,8011.66,49756,17709.36
2023-09-08,South,Smartwatch,9,10050,8314.43,90450,15620.129999999997
2023-09-08,East,Smartwatch,6,9631,7819.94,57786,10866.360000000002
2023-09-08,West,Tablet,4,2435,1467.75,9740,3869.0
2023-09-09,West,Tablet,12,13213,7953.85,158556,63109.799999999996
2023-09-09,Central,Phone,8,7068,5442.77,56544,13001.839999999997
2023-09-09,West,Mouse,6,14887,9870.15,89322,30101.100000000002
2023-09-09,East,Phone,12,4037,2949.1,48444,13054.800000000001
2023-09-09,West,Monitor,14,8635,6134.14,120890,35012.03999999999
2023-09-10,North,Camera,4,4706,3520.08,18824,4743.68
2023-09-10,West,Laptop,8,13620,10971.51,108960,21187.92
2023-09-10,East,Laptop,8,11932,9970.95,95456,15688.399999999994
2023-09-11,East,Printer,10,6424,4151.97,64240,22720.299999999996
2023-09-12,Central,Printer,13,10602,6980.85,137826,47074.95
2023-09-12,East,Smartwatch,11,5688,4056.44,62568,17947.16
2023-09-13,East,Printer,8,12046,8660.69,96368,27082.479999999996
2023-09-15,East,Laptop,9,7719,5077.66,69471,23772.06
2023-09-15,East,Monitor,8,2474,1702.95,19792,6168.4
2023-09-15,North,Mouse,12,12781,8967.89,153372,45757.32000000001
2023-09-15,Central,Mouse,11,9059,7571.09,99649,16367.009999999998
2023-09-15,North,Tablet,8,13357,11040.85,106856,18529.199999999997
2023-09-16,North,Keyboard,5,5293,3874.29,26465,7093.55
2023-09-16,North,Camera,2,10978,7079.89,21956,7796.219999999999
2023-09-16,Central,Laptop,5,10391,8380.26,51955,10053.699999999999
2023-09-16,South,Camera,9,12870,9288.17,115830,32236.47
2023-09-17,East,Phone,14,6751,4635.66,94514,29614.760000000002
2023-09-17,North,Monitor,5,14192,9624.69,70960,22836.549999999996
2023-09-17,East,Camera,4,1898,1502.39,7592,1582.4399999999996
2023-09-18,West,Smartwatch,6,14918,10612.8,89508,25831.200000000004
2023-09-18,Central,Headphones,10,10514,7228.71,105140,32852.9
2023-09-18,South,Smartwatch,8,12231,9033.12,97848,25583.039999999994
2023-09-19,East,Phone,9,11504,7208.67,103536,38657.97
2023-09-20,West,Smartwatch,4,938,666.98,3752,1084.08
2023-09-20,West,Laptop,3,824,530.41,2472,880.7700000000001
2023-09-21,South,Mouse,6,14793,11668.18,88758,18748.92
2023-09-21,North,Headphones,7,7692,5195.04,53844,17478.72
2023-09-21,Central,Smartwatch,5,2768,1745.93,13840,5110.349999999999
2023-09-22,Central,Headphones,6,12649,9220.23,75894,20572.620000000003
2023-09-22,East,Keyboard,14,2615,1851.31,36610,10691.66
2023-09-22,East,Monitor,7,11178,8635.17,78246,17799.809999999998
2023-09-23,North,Headphones,8,14377,10409.89,115016,31736.880000000005
2023-09-24,West,Smartwatch,8,13736,8490.12,109888,41967.03999999999
2023-09-25,Central,Printer,14,9648,8021.94,135072,22764.840000000004
2023-09-25,North,Headphones,7,14139,8956.72,98973,36275.96000000001
2023-09-26,West,Tablet,14,14639,10905.02,204946,52275.719999999994
2023-09-26,North,Camera,2,4628,3864.22,9256,1527.5600000000004
2023-09-26,North,Printer,2,4833,3483.1,9666,2699.8
2023-09-26,South,Printer,1,3459,2410.9,3459,1048.1
2023-09-27,North,Monitor,6,14141,9677.86,84846,26778.839999999997
2023-09-27,South,Monitor,8,6447,3920.03,51576,20215.76
2023-09-28,East,Printer,3,10636,6823.53,31908,11437.41
2023-09-28,North,Monitor,3,12785,8466.73,38355,12954.810000000001
2023-09-28,South,Camera,13,1164,827.01,15132,4380.87
2023-09-28,East,Monitor,14,11307,8265.45,158298,42581.69999999999
2023-09-29,Central,Printer,5,8868,5824.21,44340,15218.95
2023-09-29,North,Mouse,7,5886,3896.62,41202,13925.66
2023-09-29,South,Phone,14,13518,9797.57,189252,52086.020000000004
2023-09-30,South,Camera,2,12751,8418.57,25502,8664.86
2023-10-01,East,Mouse,4,4541,3728.24,18164,3251.040000000001
2023-10-01,North,Phone,7,3852,2742.12,26964,7769.160000000001
2023-10-03,West,Tablet,2,3934,2474.73,7868,2918.54
2023-10-03,East,Mouse,8,3279,2637.97,26232,5128.240000000002
2023-10-04,North,Tablet,14,13720,9469.76,192080,59503.36
2023-10-04,East,Laptop,1,4036,3184.83,4036,851.1700000000001
2023-10-04,East,Keyboard,9,1131,836.78,10179,2647.9800000000005
2023-10-04,South,Smartwatch,1,2758,2146.36,2758,611.6399999999999
2023-10-05,North,Smartwatch,7,2348,1531.05,16436,5718.650000000001
2023-10-05,East,Laptop,10,2178,1482.3,21780,6957.0
2023-10-05,West,Monitor,14,12642,10528.7,176988,29586.19999999999
2023-10-05,West,Monitor,7,7990,5914.69,55930,14527.170000000002
2023-10-06,West,Mouse,7,13629,9762.89,95403,27062.770000000004
2023-10-06,South,Tablet,5,2260,1672.72,11300,2936.3999999999996
2023-10-06,East,Laptop,5,9901,7610.82,49505,11450.900000000001
2023-10-06,South,Printer,1,9934,6450.71,9934,3483.29
2023-10-06,Central,Camera,2,1585,1141.31,3170,887.3800000000001
2023-10-06,North,Camera,8,7250,5549.22,58000,13606.239999999998
2023-10-07,Central,Phone,12,1182,940.75,14184,2895.0
2023-10-07,North,Phone,7,12683,8083.0,88781,32200.0
2023-10-09,South,Camera,14,1192,899.56,16688,4094.1600000000008
2023-10-09,North,Phone,12,14532,10762.12,174384,45238.55999999999
2023-10-09,North,Smartwatch,2,14747,11056.42,29494,7381.16
2023-10-09,North,Laptop,13,4607,3130.48,59891,19194.76
2023-10-10,South,Keyboard,7,9887,8305.54,69209,11070.219999999994
2023-10-10,East,Camera,6,3746,2970.4,22476,4653.599999999999
2023-10-10,West,Camera,5,10003,7072.03,50015,14654.850000000002
2023-10-10,Central,Smartwatch,13,4635,3791.5,60255,10965.5
2023-10-10,South,Printer,10,2242,1372.78,22420,8692.2
2023-10-11,West,Tablet,5,4630,3916.05,23150,3569.749999999999
2023-10-11,West,Monitor,10,10564,6763.12,105640,38008.8
2023-10-11,Central,Printer,7,8729,5761.42,61103,20773.059999999998
2023-10-11,East,Mouse,13,10301,6384.29,133913,50917.23
2023-10-11,Central,Camera,5,11504,8091.13,57520,17064.35
2023-10-12,West,Laptop,13,13669,10943.59,177697,35430.33
2023-10-13,East,Camera,3,2255,1592.95,6765,1986.1499999999999
2023-10-13,South,Headphones,3,4954,3121.63,14862,5497.11
2023-10-13,South,Headphones,8,14267,9222.74,114136,40354.08
2023-10-13,North,Phone,2,12040,9314.05,24080,5451.9000000000015
2023-10-14,South,Tablet,14,13405,10679.17,187670,38161.619999999995
2023-10-14,North,Headphones,7,9189,6499.77,64323,18824.609999999997
2023-10-14,North,Mouse,1,5875,4307.63,5875,1567.37
2023-10-14,East,Phone,12,6426,4836.27,77112,19076.759999999995
2023-10-15,South,Monitor,8,11440,8437.25,91520,24022.0
2023-10-15,West,Tablet,9,4544,3380.73,40896,10469.43
2023-10-15,North,Printer,10,7152,5737.68,71520,14143.199999999997
2023-10-16,South,Headphones,13,9931,7478.02,129103,31888.739999999994
2023-10-17,East,Mouse,14,10077,6851.76,141078,45153.36
2023-10-18,East,Headphones,5,10759,7434.28,53795,16623.600000000002
2023-10-18,Central,Tablet,3,4020,2981.54,12060,3115.38
2023-10-18,South,Keyboard,6,1275,803.87,7650,2826.7799999999997
2023-10-18,North,Tablet,4,6893,4885.39,27572,8030.439999999999
2023-10-18,South,Printer,9,9927,8006.17,89343,17287.47
2023-10-18,East,Keyboard,4,14119,9540.21,56476,18315.160000000003
2023-10-19,Central,Tablet,13,7391,5567.56,96083,23704.719999999994
2023-10-19,South,Tablet,9,1085,851.91,9765,2097.8100000000004
2023-10-19,South,Monitor,13,10062,6536.1,130806,45836.7
2023-10-19,Central,Keyboard,13,12132,8545.16,157716,46628.92
2023-10-20,Central,Phone,3,12814,8958.21,38442,11567.370000000003
2023-10-21,North,Mouse,7,14133,9622.14,98931,31576.020000000004
2023-10-21,East,Keyboard,1,3237,2485.0,3237,752.0
2023-10-22,Central,Mouse,10,1519,953.44,15190,5655.599999999999
2023-10-22,South,Phone,10,11550,6936.32,115500,46136.8
2023-10-22,West,Headphones,14,11823,7276.5,165522,63651.0
2023-10-23,Central,Laptop,6,13252,8436.97,79512,28890.180000000004
2023-10-23,East,Keyboard,11,9788,6275.68,107668,38635.52
2023-10-23,South,Smartwatch,2,10328,7218.84,20656,6218.32
2023-10-23,Central,Keyboard,11,3753,2889.53,41283,9498.169999999998
2023-10-24,East,Mouse,7,8347,6591.51,58429,12288.429999999998
2023-10-24,North,Keyboard,10,5294,3374.94,52940,19190.6
2023-10-25,East,Camera,13,5000,3409.58,65000,20675.46
2023-10-25,East,Phone,13,7983,6528.06,103779,18914.219999999994
2023-10-25,Central,Smartwatch,3,6233,4609.65,18699,4870.050000000001
2023-10-26,West,Camera,2,5960,3945.75,11920,4028.5
2023-10-26,South,Printer,14,10126,7870.51,141764,31576.859999999997
2023-10-27,South,Phone,8,8722,7214.53,69776,12059.760000000002
2023-10-27,East,Laptop,13,6942,5481.26,90246,18989.619999999995
2023-10-27,North,Laptop,3,2201,1370.94,6603,2490.18
2023-10-28,East,Monitor,3,5036,3817.29,15108,3656.13
2023-10-28,West,Monitor,8,2587,1877.74,20696,5674.08
2023-10-28,South,Phone,13,14789,8919.73,192257,76300.51000000001
2023-10-28,North,Smartwatch,14,4735,3674.45,66290,14847.700000000003
2023-10-28,South,Laptop,4,13802,10739.62,55208,12249.519999999997
2023-10-28,Central,Tablet,1,9291,5981.72,9291,3309.2799999999997
2023-10-29,Central,Printer,10,8041,6766.04,80410,12749.6
2023-10-29,South,Monitor,8,11920,7729.64,95360,33522.88
2023-10-30,Central,Keyboard,8,9920,6848.27,79360,24573.839999999997
2023-10-30,North,Smartwatch,11,10296,7302.21,113256,32931.69
2023-10-30,West,Printer,8,3608,2828.07,28864,6239.439999999999
2023-10-30,West,Laptop,4,7508,5484.07,30032,8095.720000000001
2023-10-31,South,Smartwatch,13,13671,9813.56,177723,50146.72000000001
2023-10-31,East,Smartwatch,5,9010,6344.74,45050,13326.300000000001
2023-10-31,Central,Laptop,14,4474,3185.12,62636,18044.32
2023-10-31,East,Camera,8,8518,6420.78,68144,16777.760000000002
2023-11-01,East,Mouse,3,8227,6685.54,24681,4624.38
2023-11-01,East,Keyboard,3,1326,1025.39,3978,901.8299999999997
2023-11-01,West,Monitor,5,12945,10261.59,64725,13417.05
2023-11-01,West,Laptop,10,11249,8568.8,112490,26802.000000000007
2023-11-02,Central,Tablet,4,7364,4716.49,29456,10590.04
2023-11-02,Central,Headphones,14,2389,1557.4,33446,11642.399999999998
2023-11-02,Central,Printer,13,5527,4638.25,71851,11553.75
2023-11-02,East,Camera,9,5675,4582.86,51075,9829.260000000002
2023-11-03,East,Tablet,5,4536,3182.05,22680,6769.749999999999
2023-11-04,West,Smartwatch,10,806,527.34,8060,2786.5999999999995
2023-11-05,Central,Smartwatch,5,5118,3122.98,25590,9975.1
2023-11-05,South,Smartwatch,12,2864,2354.74,34368,6111.120000000003
2023-11-05,East,Phone,3,13528,11222.04,40584,6917.879999999997
2023-11-05,North,Headphones,10,10685,7441.8,106850,32432.0
2023-11-06,North,Headphones,12,14963,10707.92,179556,51060.96
2023-11-06,South,Monitor,14,10188,6796.55,142632,47480.299999999996
2023-11-07,East,Laptop,9,7501,5747.27,67509,15783.569999999996
2023-11-07,North,Monitor,6,14977,10084.86,89862,29352.839999999997
2023-11-08,Central,Monitor,9,14199,11588.04,127791,23498.639999999992
2023-11-08,North,Tablet,1,14935,10707.76,14935,4227.24
2023-11-09,North,Camera,6,12843,9176.93,77058,21996.42
2023-11-09,West,Monitor,5,7316,4793.44,36580,12612.800000000003
2023-11-09,North,Phone,2,5032,3218.45,10064,3627.1000000000004
2023-11-09,West,Camera,6,8782,5998.9,52692,16698.600000000002
2023-11-10,South,Phone,9,7113,5413.49,64017,15295.590000000002
2023-11-11,East,Laptop,12,13716,10518.92,164592,38364.96
2023-11-12,South,Camera,4,8589,6130.79,34356,9832.84
2023-11-12,East,Mouse,4,1503,999.42,6012,2014.3200000000002
2023-11-13,South,Camera,10,8530,6241.87,85300,22881.300000000003
2023-11-14,East,Phone,14,11659,7145.54,163226,63188.44
2023-11-15,North,Mouse,6,1985,1244.41,11910,4443.539999999999
2023-11-15,East,Headphones,8,5049,3039.63,40392,16074.96
2023-11-15,Central,Laptop,11,9366,7258.84,103026,23178.76
2023-11-15,North,Keyboard,5,1474,1127.74,7370,1731.3
2023-11-16,South,Monitor,10,13908,11792.48,139080,21155.200000000004
2023-11-16,North,Phone,11,5768,3714.24,63448,22591.36
2023-11-16,Central,Monitor,8,4059,3060.8,32472,7985.5999999999985
2023-11-17,East,Keyboard,1,8337,7067.29,8337,1269.71
2023-11-17,North,Mouse,10,5657,3827.32,56570,18296.8
2023-11-17,East,Smartwatch,10,12190,10034.93,121900,21550.699999999997
2023-11-17,West,Headphones,14,8261,5432.14,115654,39604.03999999999
2023-11-18,Central,Printer,2,5014,4017.59,10028,1992.8199999999997
2023-11-18,East,Printer,10,11186,8711.92,111860,24740.8
2023-11-19,Central,Mouse,4,7046,4691.53,28184,9417.880000000001
2023-11-19,East,Monitor,7,5448,4469.58,38136,6848.9400000000005
2023-11-19,West,Smartwatch,10,12239,10143.53,122390,20954.699999999993
2023-11-20,East,Camera,13,12364,9266.06,160732,40273.22000000001
2023-11-20,East,Headphones,13,8218,6522.75,106834,22038.25
2023-11-20,North,Headphones,12,1748,1461.94,20976,3432.7199999999993
2023-11-21,West,Smartwatch,10,7816,6428.92,78160,13870.8
2023-11-21,East,Laptop,4,11033,9344.78,44132,6752.879999999997
2023-11-22,East,Laptop,4,11802,8782.64,47208,12077.440000000002
2023-11-22,Central,Keyboard,7,4428,3354.52,30996,7514.360000000001
2023-11-22,North,Phone,7,10577,8470.46,74039,14745.780000000006
2023-11-23,West,Mouse,9,12636,9698.76,113724,26435.159999999996
2023-11-23,West,Headphones,8,2892,1987.31,23136,7237.52
2023-11-23,South,Headphones,9,13907,8730.75,125163,46586.25
2023-11-23,West,Keyboard,6,8230,4995.94,49380,19404.36
2023-11-24,Central,Monitor,14,11303,6980.51,158242,60514.86
2023-11-24,Central,Laptop,9,14000,11041.57,126000,26625.870000000003
2023-11-24,South,Laptop,3,1259,1029.97,3777,687.0899999999999
2023-11-25,West,Monitor,3,4872,3096.05,14616,5327.849999999999
2023-11-25,South,Camera,5,2125,1647.68,10625,2386.5999999999995
2023-11-26,Central,Camera,11,5779,4559.77,63569,13411.529999999995
2023-11-26,Central,Printer,5,13258,8583.16,66290,23374.2
2023-11-27,South,Printer,5,11013,8040.86,55065,14860.7
2023-11-27,West,Tablet,8,6243,4292.25,49944,15606.0
2023-11-28,East,Smartwatch,6,5008,3102.39,30048,11433.66
2023-11-28,North,Phone,8,5893,3745.1,47144,17183.2
2023-11-28,North,Camera,2,3366,2467.27,6732,1797.46
2023-11-28,East,Monitor,12,5985,3974.42,71820,24126.96
2023-11-29,East,Tablet,5,9192,6291.76,45960,14501.199999999999
2023-11-29,East,Phone,7,4805,3039.02,33635,12361.86
2023-11-30,North,Mouse,8,8280,5910.16,66240,18958.72
2023-11-30,West,Printer,7,12181,8205.62,85267,27827.659999999996
2023-12-01,West,Phone,12,6840,5604.41,82080,14827.080000000002
2023-12-02,West,Mouse,14,4888,3035.92,68432,25929.12
2023-12-03,West,Tablet,9,1733,1444.44,15597,2597.0399999999995
2023-12-03,East,Smartwatch,3,4602,3265.2,13806,4010.4000000000005
2023-12-04,North,Mouse,9,4535,3201.39,40815,12002.490000000002
2023-12-05,North,Headphones,8,3955,2698.29,31640,10053.68
2023-12-06,South,Phone,12,6955,4807.02,83460,25775.759999999995
2023-12-06,South,Laptop,13,5541,4706.63,72033,10846.809999999998
2023-12-06,Central,Camera,9,5323,4111.7,47907,10901.7
2023-12-06,North,Laptop,13,14224,11341.41,184912,37473.67
2023-12-07,East,Printer,9,4530,3359.82,40770,10531.619999999999
2023-12-07,East,Laptop,6,6593,4013.17,39558,15478.98
2023-12-07,North,Laptop,9,10369,7911.9,93321,22113.9
2023-12-08,East,Monitor,5,2760,2065.78,13800,3471.099999999999
2023-12-08,Central,Printer,1,3367,2702.9,3367,664.0999999999999
2023-12-09,East,Smartwatch,1,5415,3715.91,5415,1699.0900000000001
2023-12-09,East,Camera,10,5528,4467.21,55280,10607.9
2023-12-10,South,Smartwatch,5,12800,10309.19,64000,12454.049999999997
2023-12-11,West,Mouse,14,13537,8903.83,189518,64864.380000000005
2023-12-11,Central,Camera,7,8735,6928.51,61145,12645.429999999998
2023-12-11,Central,Smartwatch,12,6579,5455.94,78948,13476.720000000005
2023-12-11,West,Smartwatch,5,5258,3637.39,26290,8103.050000000001
2023-12-11,Central,Smartwatch,13,6325,4291.99,82225,26429.130000000005
2023-12-11,Central,Phone,5,6831,5233.28,34155,7988.600000000001
2023-12-12,West,Smartwatch,6,3603,2740.64,21618,5174.160000000001
2023-12-12,South,Headphones,11,7007,5247.73,77077,19351.970000000005
2023-12-12,Central,Camera,1,1034,785.03,1034,248.97000000000003
2023-12-13,Central,Laptop,3,10548,7055.15,31644,10478.550000000001
2023-12-13,North,Mouse,10,14763,11205.0,147630,35580.0
2023-12-13,Central,Tablet,8,12484,8411.43,99872,32580.559999999998
2023-12-13,East,Camera,13,1393,897.13,18109,6446.31
2023-12-14,South,Printer,10,4053,3348.2,40530,7048.000000000002
2023-12-15,East,Smartwatch,6,11150,8642.42,66900,15045.48
2023-12-15,South,Laptop,5,7487,6043.76,37435,7216.199999999999
2023-12-15,East,Camera,1,4059,3375.65,4059,683.3499999999999
2023-12-16,South,Mouse,7,3397,2596.46,23779,5603.78
2023-12-16,South,Monitor,2,14847,12606.29,29694,4481.419999999998
2023-12-16,East,Laptop,8,4625,3845.99,37000,6232.080000000002
2023-12-16,East,Headphones,7,6419,4331.7,44933,14611.100000000002
2023-12-16,Central,Printer,6,3126,2107.92,18756,6108.48
2023-12-16,East,Smartwatch,1,12128,8872.0,12128,3256.0
2023-12-16,North,Laptop,6,9272,7809.86,55632,8772.840000000002
2023-12-16,Central,Tablet,10,4952,3002.55,49520,19494.5
2023-12-16,South,Camera,6,12211,8258.71,73266,23713.740000000005
2023-12-17,East,Camera,14,14155,11386.23,198170,38762.780000000006
2023-12-17,South,Phone,1,6689,4174.06,6689,2514.9399999999996
2023-12-18,Central,Smartwatch,12,9990,7486.15,119880,30046.200000000004
2023-12-18,North,Keyboard,12,1937,1422.85,23244,6169.800000000001
2023-12-18,South,Laptop,7,9809,7041.79,68663,19370.47
2023-12-20,North,Phone,9,5377,3298.68,48393,18704.88
2023-12-20,West,Tablet,1,6645,5607.53,6645,1037.4700000000003
2023-12-21,Central,Phone,3,12891,9948.67,38673,8826.99
2023-12-21,West,Smartwatch,3,8484,5857.89,25452,7878.329999999999
2023-12-21,North,Keyboard,14,8268,5019.11,115752,45484.46000000001
2023-12-21,North,Phone,9,13037,8603.26,117333,39903.659999999996
2023-12-21,East,Printer,5,4067,3320.96,20335,3730.2
2023-12-22,Central,Smartwatch,5,12634,7775.24,63170,24293.800000000003
2023-12-22,West,Smartwatch,8,12256,8272.17,98048,31870.64
2023-12-22,West,Tablet,10,3634,2988.89,36340,6451.100000000001
2023-12-23,West,Laptop,5,5804,3773.01,29020,10154.949999999999
2023-12-23,East,Keyboard,12,4548,3156.94,54576,16692.72
2023-12-23,Central,Printer,3,3057,1870.35,9171,3559.9500000000003
2023-12-23,North,Tablet,10,7426,5245.23,74260,21807.700000000004
2023-12-25,North,Phone,2,7970,5898.91,15940,4142.18
2023-12-25,Central,Headphones,7,9972,6987.97,69804,20888.21
2023-12-26,West,Headphones,10,4430,3233.0,44300,11970.0
2023-12-26,North,Mouse,12,11333,8769.62,135996,30760.55999999999
2023-12-26,North,Printer,14,2900,1841.55,40600,14818.300000000001
2023-12-27,South,Laptop,1,6472,4915.39,6472,1556.6099999999997
2023-12-28,Central,Mouse,9,14827,9570.24,133443,47310.840000000004
2023-12-28,South,Camera,3,10837,8929.22,32511,5723.340000000002
2023-12-28,East,Monitor,4,7117,5856.49,28468,5042.040000000001
2023-12-28,North,Headphones,12,2551,1563.87,30612,11845.560000000001
2023-12-29,Central,Printer,8,13136,9949.14,105088,25494.880000000005
2023-12-29,North,Mouse,11,11326,7358.76,124586,43639.64
2023-12-29,Central,Keyboard,13,12150,7846.83,157950,55941.21
2023-12-29,West,Laptop,12,5497,3904.21,65964,19113.48
2023-12-29,North,Phone,2,8786,5483.61,17572,6604.780000000001
2023-12-31,North,Phone,11,2811,2296.73,30921,5656.969999999999
2023-12-31,West,Headphones,4,1938,1548.47,7752,1558.12
